name,age,color,location,created_at
mariana souza,24,verde,sp,2026-10-05T09:12:00-03:00
Rafael Lima,41 anos,blue,Rio de Janeiro - RJ,2026-10-05T10:47:00-03:00
Beatriz Rocha,33,AZUL,Curitiba,2026-10-05T14:05:00-03:00
Lucas Pereira,27,roxo,Rio,2026-10-05T16:20:00-03:00
Thiago Alves,58,red,são paulo,2026-10-05T18:30:00-03:00
,,,,
Juliana Costa,45,green,Rio,06/10/2026 09:15
Camila Ferreira,19,vermelho,cwb,2026-10-06T08:02:00-03:00
Camila Ferreira,19,vermelho,cwb,2026-10-06T08:02:00-03:00
Pedro Gomes,72,blue,sp,2026-10-06T09:40:00-03:00
